,,,Initial coverage mean, Std Dev, Max,"After merging, coverage depth Mean", Std Dev, Max
m,,1,3.49841,6.88273,808,3.66689,4.5821,36
m,,1,4.66499,14.9976,2420,3.12521,5.83686,68
m,,1,3.69055,8.27666,1112,3.33984,4.78658,56
m,,1,3.49925,6.84994,973,3.44545,4.51567,36
m,,1,3.33398,6.83093,883,3.28407,4.20047,35
m,,1,3.63901,8.87873,1546,3.67825,5.05706,41
m,,1,3.80687,8.59606,1140,3.49566,4.95984,47
m,,1,4.31763,11.3604,1743,3.51476,5.70786,55
m,,1,3.31272,6.60689,887,3.36021,4.21851,37
m,,1,3.79495,9.11406,1188,3.31829,4.98186,45
m,,1,3.67405,8.48333,1181,3.37132,4.82628,41
m,,1,3.19248,5.9159,693,3.38356,4.04233,32
m,,1,3.37774,7.23399,1024,3.30793,4.35569,36
m,,1,3.11419,5.789,646,3.23809,3.81467,30
m,,1,2.98836,6.38121,917,3.29266,3.86556,41
m,,1,4.63718,14.3559,2738,3.74608,6.4811,69
m,,1,4.14613,10.35,1464,3.35899,5.29252,50
m,,1,3.89619,8.62428,1176,3.4287,5.05363,45
m,,1,3.19574,7.45559,1390,3.52265,4.44607,35
m,,1,4.17174,11.1987,1449,3.44796,5.54453,53
m,,1,3.5578,7.88567,1041,3.3471,4.69532,39
m,,1,3.03036,5.02181,614,3.19982,3.66442,29
m,,1,3.96817,9.96112,1471,3.5202,5.36325,49
m,,1,3.50591,9.12515,1387,3.87492,5.03747,45
m,,1,3.97263,10.5236,1646,3.18287,5.17908,53
m,,1,3.57969,8.10808,1117,3.32769,4.65115,42
m,,1,4.14717,11.5591,1542,3.2611,5.45624,55
m,,1,3.92931,10.6848,1567,3.47116,5.46881,49
m,,1,3.52034,7.47932,988,3.43114,4.60777,38
m,,1,2.68522,4.31211,379,3.00602,3.04336,25
m,,1,2.99398,5.09194,623,3.25829,3.61677,29
m,,1,3.58602,6.64178,830,3.49539,4.39554,34
m,,1,3.31215,8.38506,1373,3.59211,4.74599,39
m,,1,3.10184,5.66325,755,3.18626,3.84465,30
m,,1,3.48403,6.61397,945,3.42554,4.38291,37
m,,1,2.88227,4.89898,477,3.16701,3.38754,25
m,,1,3.2365,10.3016,2316,3.76603,4.79973,42
m,,1,3.70704,10.1857,1870,3.58743,5.36642,49
m,,1,3.84872,9.59655,1234,3.45276,5.1767,48
m,,1,3.47113,9.69526,1550,3.65026,5.03798,41
m,,1,3.91124,12.5542,2486,3.72679,5.96733,62
m,,1,4.68235,34.3017,19602,4.54507,8.3087,127
m,,1,4.0896,26.9665,14897,4.17052,7.14563,98
m,,1,4.56921,35.4829,20970,4.21792,8.01766,107
m,,1,3.87146,25.9809,12892,4.19212,6.53522,85
m,,1,3.20616,17.2026,7146,3.73857,4.72316,57
m,,1,3.23729,17.881,7067,3.75526,4.84664,57
m,,1,3.77318,24.4852,10892,4.22306,6.24813,88
m,,1,3.51476,22.0095,8731,4.00048,5.49697,54
m,,1,3.49921,22.125,9193,3.94335,5.46929,62
m,,1,3.93797,26.2318,12601,4.2467,6.76991,90
m,,1,3.49172,6.60099,829,3.47654,4.33271,34
m,,1,3.62093,7.37734,926,3.59259,4.7135,37
m,,1,3.32015,6.41783,786,3.42069,4.24532,33
m,,1,3.55757,6.86463,957,3.49995,4.52513,41
m,,1,3.76577,7.7944,1138,3.41499,4.79128,45
m,,1,4.28367,11.7517,2040,3.20784,5.41958,55
m,,1,3.50368,12.2501,2875,3.87125,5.56909,48
m,,1,3.19012,5.78733,629,3.09007,3.77714,30
m,,1,3.31768,6.16245,738,3.35254,4.08462,34
m,,1,2.80009,5.3972,780,3.03569,3.41532,26
m,,1,2.36274,3.508,365,2.5175,2.47912,25
m,,1,3.5045,7.66846,1094,3.21653,4.43724,37
m,,1,4.33149,11.6369,2113,3.15851,5.36164,54
m,,1,3.52945,9.47591,1894,3.66527,5.17442,43
m,,1,3.32241,6.50405,778,3.21266,4.16199,43
m,,1,3.59775,8.08668,1201,3.35424,4.72227,40
m,,1,3.76068,12.6197,3471,4.00504,5.95643,54
m,,1,2.82359,9.96643,2170,3.3075,3.84325,41
m,,1,2.92624,11.0407,2577,3.44186,3.99902,47
m,,1,3.58211,8.95173,1588,3.6902,4.99947,41
m,,1,3.45396,7.22138,1029,3.79082,4.55752,36
m,,1,3.71988,8.84919,1383,3.34168,4.90018,43
m,,1,3.4514,7.29323,1015,3.37973,4.54902,38
m,,1,3.13244,6.12147,814,3.09321,3.89513,32
m,,1,3.32626,5.93495,635,3.34653,4.1126,31
m,,1,3.47508,16.205,3903,3.93579,5.58857,63
m,,1,3.54198,13.622,3214,4.05057,5.67127,45
m,,1,4.96984,14.1596,2228,3.75008,6.4365,68
m,,1,4.58919,16.4496,4039,3.21041,6.06734,75
m,,1,2.73603,5.41865,948,3.06873,3.3262,25
m,,1,3.7672,9.59779,1518,3.69695,5.21308,46
m,,1,3.1218,5.28551,656,3.23865,3.7058,27
m,,1,3.13858,5.84998,684,3.28893,3.84627,29
m,,1,5.40287,20.653,4227,2.80606,5.87959,91
m,,1,3.83126,10.0588,1316,3.12681,4.92846,47
m,  A03,2,8.11653,10.103,808,8.74416,6.76588,61
m,  B03,2,16.906,27.9548,2420,18.6516,19.298,158
m,  C02,2,9.79339,13.0469,1112,10.3684,9.11287,78
m,  C03,2,8.48149,10.158,973,9.04947,7.19367,66
m,  D01,2,8.03003,10.3698,883,8.54327,6.83581,63
m,  D02,2,8.99887,14.0024,1546,9.66842,8.24966,70
m,  D03,2,10.0103,13.465,1140,10.7062,9.17517,86
m,  E02,2,13.0868,19.0839,1743,14.1299,13.3773,105
m,  E03,2,7.78155,9.88389,887,8.31273,6.56679,63
m,  F02,2,10.5747,14.8205,1188,11.2784,10.2891,101
m,  F03,2,9.63608,13.4512,1181,10.3261,9.08019,81
m,  G02,2,7.12997,8.58568,693,7.62286,5.73477,55
m,  G03,2,8.30424,11.1701,1024,8.92666,7.28974,70
m,  H02,2,6.97671,8.46481,646,7.41946,5.57041,49
m,  H03,2,6.64791,9.74657,917,7.06303,5.2706,57
m,  A05,2,14.587,25.1929,2738,15.9436,15.6097,125
m,  A07,2,12.0308,16.9886,1464,12.7868,12.1576,100
m,  B02,2,10.5587,13.4832,1176,11.2087,9.98556,88
m,  B05,2,7.52093,11.6994,1390,8.10551,6.0953,73
m,  B07,2,12.5622,18.9778,1449,13.2991,12.417,127
m,  C05,2,9.31477,12.4208,1041,10.0145,8.4686,92
m,  C06,2,6.67985,7.05827,614,7.11342,5.0644,40
m,  C07,2,11.2707,16.3811,1471,12.2174,10.7359,91
m,  D04,2,8.20114,14.3344,1387,8.76035,7.00347,82
m,  D05,2,12.2036,18.0326,1646,13.0296,12.4831,94
m,  D06,2,9.29107,12.8038,1117,9.88504,8.48426,85
m,  E04,2,13.0665,20.1161,1542,14.1195,13.6025,122
m,  E05,2,11.3467,18.0693,1567,12.2622,11.2249,118
m,  E06,2,8.75395,11.4683,988,9.34195,7.66205,71
m,  F04,2,5.31809,6.02293,379,5.59789,3.71658,45
m,  F05,2,6.31023,7.17211,623,6.73088,4.73885,40
m,  F06,2,8.41815,9.52346,830,8.93562,7.0521,60
m,  G04,2,8.03504,13.4424,1373,8.69632,6.95209,76
m,  G05,2,7.16835,8.30906,755,7.66741,5.73841,53
m,  G12,2,8.26182,9.65337,945,8.83354,6.90266,54
m,  H04,2,5.99609,6.93874,477,6.37743,4.37667,45
m,  H05,2,7.46431,16.7154,2316,7.88656,6.13077,73
m,  H06,2,10.345,17.2081,1870,11.2299,9.76038,89
m,  H12,2,10.6647,15.7025,1234,11.4439,10.3543,94
m,  A04,2,8.61086,15.8237,1550,9.216,7.77769,94
m,  A09,2,11.375,22.0055,2486,12.0546,11.0702,106
m,  A10,2,14.3322,64.2754,19602,15.2782,15.746,223
m,  A11,2,12.0119,50.046,14897,12.7027,12.4686,219
m,  A12,2,14.9257,69.0511,20970,15.9545,16.6543,274
m,  B04,2,10.3932,46.3341,12892,10.9356,10.2458,162
m,  B09,2,7.15912,28.3164,7146,7.47676,6.13379,99
m,  B10,2,7.40328,29.8062,7067,7.65728,6.42342,135
m,  B11,2,9.46768,42.2183,10892,9.84088,8.99985,134
m,  B12,2,8.31213,37.0601,8731,8.55894,7.49285,129
m,  C04,2,8.37169,37.5227,9193,8.60837,7.57156,146
m,  C09,2,10.7011,46.9733,12601,11.1657,10.5889,199
m,  C10,2,8.22347,9.59886,829,8.73371,6.90884,59
m,  C11,2,8.73924,11.0044,926,9.34903,7.58136,59
m,  C12,2,7.65818,9.45072,786,8.13581,6.34747,60
m,  D09,2,8.59665,10.084,957,9.12364,7.34742,58
m,  D10,2,9.81489,11.845,1138,10.3637,8.81165,72
m,  D11,2,13.8001,20.409,2040,14.7081,14.4329,138
m,  D12,2,8.84007,20.69,2875,9.33473,8.0606,124
m,  E09,2,7.403,8.42289,629,7.80883,6.1586,51
m,  E10,2,7.55426,8.92331,738,8.04976,6.22078,55
m,  E11,2,6.02618,8.06973,780,6.37668,4.66518,60
m,  E12,2,4.79529,5.00407,365,4.95632,3.25999,33
m,  F08,2,9.13167,12.0487,1094,9.79632,8.30015,73
m,  F09,2,14.1387,20.1296,2113,15.1314,14.915,115
m,  F10,2,9.07611,15.5531,1894,9.79628,8.16579,88
m,  F11,2,8.11231,9.77156,778,8.62787,6.96228,55
m,  F12,2,9.46202,12.7826,1201,10.2292,8.64651,77
m,  G06,2,9.75942,21.2782,3471,10.5196,9.41222,99
m,  G08,2,5.9412,15.9292,2170,6.15314,4.59762,70
m,  G09,2,6.13235,17.5593,2577,6.3197,4.66952,54
m,  G10,2,8.71674,14.1372,1588,9.34524,7.98607,65
m,  G11,2,7.59874,10.6244,1029,8.18979,6.25876,58
m,  H08,2,10.0183,14.2424,1383,10.6938,9.62359,89
m,  H09,2,8.64495,11.2329,1015,9.31388,7.65616,68
m,  H10,2,7.55709,9.28504,814,8.03578,6.37595,51
m,  H11,2,7.61188,8.47229,635,8.05364,6.19983,51
m,  D07,2,8.51432,27.557,3903,8.88318,7.52521,105
m,  E07,2,8.65475,22.7956,3214,9.18504,7.70919,105
m,  F07,2,15.8684,24.2667,2228,17.1294,17.4056,122
m,  G07,2,16.621,31.4599,4039,18.3073,19.7413,149
m,  H07,2,5.6788,8.08485,948,6.00944,4.29218,46
m,  A08,2,9.5268,15.3212,1518,10.2457,9.03578,93
m,  B08,2,6.77375,7.41178,656,7.19664,5.24265,56
m,  C08,2,6.98112,8.52815,684,7.47538,5.61384,54
m,  D08,2,23.6271,42.1869,4227,26.2027,30.4641,258
m,  E08,2,11.4793,17.1566,1316,12.3849,11.5792,98
m,,3,9.72004,10.7912,808,10.4652,6.71234,63
m,,3,21.0355,30.321,2420,22.9976,20.2006,158
m,,3,11.9765,14.0044,1112,12.8312,9.38035,79
m,,3,10.2765,10.8123,973,11.0985,7.25283,75
m,,3,9.78176,11.1866,883,10.506,6.93579,78
m,,3,10.9563,15.2765,1546,11.7429,8.30943,75
m,,3,12.1372,14.4182,1140,13.0884,9.30684,86
m,,3,15.8887,20.4284,1743,17.1986,13.7894,160
m,,3,9.45173,10.6521,887,10.1251,6.59858,67
m,,3,13.046,15.9891,1188,14.045,10.633,107
m,,3,11.8841,14.5596,1181,12.8446,9.27795,81
m,,3,8.61922,9.23339,693,9.24629,5.75881,55
m,,3,10.1374,12.0886,1024,10.9378,7.39398,84
m,,3,8.45744,9.13293,646,9.0365,5.61865,59
m,,3,8.08649,10.7537,917,8.5077,5.23821,57
m,,3,17.7784,27.2993,2738,19.2066,15.9499,152
m,,3,14.7997,18.244,1464,15.884,12.565,102
m,,3,12.8924,14.3509,1176,13.8876,10.2583,88
m,,3,9.04205,12.8014,1390,9.66611,5.98869,84
m,,3,15.4489,20.4882,1449,16.2965,12.6396,127
m,,3,11.3305,13.341,1041,12.263,8.54368,92
m,,3,8.05684,7.49251,614,8.64811,5.10518,53
m,,3,13.6466,17.5909,1471,14.7844,10.7642,93
m,,3,9.89424,15.7546,1387,10.5022,6.95867,95
m,,3,15.0997,19.4815,1646,16.2522,12.9412,114
m,,3,11.3409,13.8159,1117,12.1809,8.63111,85
m,,3,16.1097,21.7485,1542,17.3849,13.9446,131
m,,3,13.9152,19.6372,1567,15.0037,11.3712,118
m,,3,10.6138,12.3174,988,11.4038,7.74063,81
m,,3,6.52841,6.63529,379,6.7786,3.72308,47
m,,3,7.62799,7.72976,623,8.12951,4.74262,45
m,,3,10.1072,10.0435,830,10.8611,7.12913,60
m,,3,9.74712,14.7885,1373,10.4719,6.90384,76
m,,3,8.65618,8.88887,755,9.29737,5.74532,65
m,,3,9.98024,10.2493,945,10.7764,6.92609,58
m,,3,7.26298,7.53275,477,7.68397,4.39341,53
m,,3,9.00907,18.643,2316,9.41852,6.10395,97
m,,3,12.5313,18.7263,1870,13.5106,9.76871,96
m,,3,13.0218,16.9606,1234,13.9739,10.5427,106
m,,3,10.5312,17.5139,1550,11.1987,7.803,94
m,,3,13.9823,24.2419,2486,14.6738,11.129,124
m,,3,17.5461,71.8193,19602,18.4214,16.2639,235
m,,3,14.6747,56.0088,14897,15.3244,12.8548,229
m,,3,18.3808,77.3692,20970,19.2936,17.3011,274
m,,3,12.6135,51.8767,12892,13.1794,10.4883,164
m,,3,8.64436,31.981,7146,8.94601,6.2674,103
m,,3,8.97995,33.7141,7067,9.19459,6.52391,135
m,,3,11.5118,47.4428,10892,11.8861,9.22865,185
m,,3,10.1102,41.8343,8731,10.331,7.72343,129
m,,3,10.1936,42.3746,9193,10.4336,7.83747,150
m,,3,13.053,52.6964,12601,13.5155,10.9364,199
m,,3,9.87356,10.1772,829,10.5873,7.01104,75
m,,3,10.5114,11.7413,926,11.3123,7.63126,68
m,,3,9.28564,10.1562,786,9.90391,6.38262,60
m,,3,10.3719,10.686,957,11.0973,7.41495,58
m,,3,11.923,12.5393,1138,12.8264,9.03246,96
m,,3,17.0434,21.9595,2040,18.2671,15.0131,162
m,,3,10.8538,23.1576,2875,11.3515,8.08016,124
m,,3,9.04495,8.99653,629,9.65236,6.29599,52
m,,3,9.14701,9.54335,738,9.80118,6.27127,55
m,,3,7.41669,8.94869,780,7.79022,4.71011,60
m,,3,6.05647,5.58773,365,6.23468,3.37325,36
m,,3,11.152,12.9541,1094,12.0218,8.4371,76
m,,3,17.4781,21.5636,2113,18.8659,15.5901,140
m,,3,11.0219,17.0546,1894,11.8439,8.11491,88
m,,3,9.88924,10.451,778,10.6041,7.06204,62
m,,3,11.5284,13.746,1201,12.5252,8.70354,77
m,,3,11.9211,23.6104,3471,12.7642,9.47368,99
m,,3,7.37472,18.3937,2170,7.48819,4.66963,73
m,,3,7.55612,20.1656,2577,7.6395,4.71137,91
m,,3,10.6324,15.5024,1588,11.3848,8.08414,75
m,,3,9.11292,11.5167,1029,9.78514,6.25169,75
m,,3,12.319,15.4048,1383,13.2608,9.92414,105
m,,3,10.5191,12.0747,1015,11.3791,7.67678,76
m,,3,9.23788,10.0061,814,9.87368,6.46766,60
m,,3,9.22473,8.98647,635,9.88665,6.27805,61
m,,3,10.4461,31.1169,3903,10.776,7.58197,151
m,,3,10.5121,25.4729,3214,11.0609,7.74847,108
m,,3,19.2409,25.9601,2228,20.744,18.2496,133
m,,3,20.6979,34.4886,4039,22.407,20.6079,186
m,,3,7.02699,9.08527,948,7.3431,4.36341,52
m,,3,11.5932,16.7141,1518,12.4252,9.1585,95
m,,3,8.21541,7.90974,656,8.8035,5.29437,56
m,,3,8.43783,9.19895,684,9.02293,5.60282,61
m,,3,30.2637,46.2417,4227,33.0912,32.857,285
m,,3,14.2012,18.5919,1316,15.3713,11.9064,114
m,,4,10.8424,11.2737,808,11.6377,6.60411,74
m,,4,23.4638,31.5191,2420,25.6917,20.3172,188
m,,4,13.4483,14.5912,1112,14.5213,9.37276,103
m,,4,11.4605,11.221,973,12.3954,7.15393,75
m,,4,10.9487,11.7216,883,11.7341,6.83635,78
m,,4,12.3079,16.138,1546,13.1915,8.24714,85
m,,4,13.5223,14.9941,1140,14.6618,9.22815,86
m,,4,17.6892,21.1936,1743,19.2725,13.8146,160
m,,4,10.6296,11.1891,887,11.3759,6.53966,67
m,,4,14.629,16.6592,1188,15.8169,10.5697,107
m,,4,13.364,15.23,1181,14.4648,9.15629,95
m,,4,9.73243,9.72886,693,10.366,5.68368,60
m,,4,11.3698,12.6907,1024,12.2604,7.3049,88
m,,4,9.56252,9.64614,646,10.149,5.57381,75
m,,4,9.17926,11.5643,917,9.53913,5.19304,81
m,,4,19.7697,28.5005,2738,21.3673,15.8987,152
m,,4,16.5584,18.9369,1464,17.9181,12.5626,106
m,,4,14.3889,14.8344,1176,15.6584,10.2672,88
m,,4,10.0803,13.5899,1390,10.6604,5.86658,84
m,,4,17.226,21.3168,1449,18.2215,12.5137,132
m,,4,12.6636,13.9134,1041,13.7252,8.40388,92
m,,4,9.09023,7.83046,614,9.65547,5.01091,53
m,,4,15.1505,18.2997,1471,16.4665,10.5999,93
m,,4,11.0997,16.7883,1387,11.7031,6.85858,99
m,,4,16.9006,20.2728,1646,18.2854,12.9109,114
m,,4,12.6835,14.4431,1117,13.6738,8.57024,85
m,,4,17.9653,22.6313,1542,19.4867,13.9047,131
m,,4,15.5171,20.5466,1567,16.7704,11.2478,146
m,,4,11.8905,12.8767,988,12.782,7.63535,81
m,,4,7.55341,7.22146,379,7.6808,3.68539,47
m,,4,8.64248,8.19283,623,9.09837,4.71147,56
m,,4,11.2602,10.3784,830,12.1286,7.08748,72
m,,4,10.9323,15.7389,1373,11.6459,6.80057,94
m,,4,9.7484,9.32195,755,10.4153,5.67454,65
m,,4,11.116,10.6265,945,12.0075,6.82211,58
m,,4,8.28658,8.05951,477,8.63314,4.33942,53
m,,4,10.1572,20.1433,2316,10.4805,6.04422,97
m,,4,13.9438,19.677,1870,15.0301,9.63811,131
m,,4,14.5423,17.7132,1234,15.6572,10.4734,106
m,,4,11.8309,18.6601,1550,12.5544,7.73612,106
m,,4,15.6139,25.5812,2486,16.3857,10.9733,124
m,,4,19.5458,76.3808,19602,20.5354,16.3585,245
m,,4,16.3788,59.767,14897,17.0896,12.9258,263
m,,4,20.4774,82.2513,20970,21.481,17.431,274
m,,4,14.0548,55.4865,12892,14.6468,10.4945,164
m,,4,9.78904,34.9633,7146,10.0432,6.37393,103
m,,4,10.1381,36.7221,7067,10.3024,6.62064,155
m,,4,12.8902,51.0069,10892,13.2776,9.33545,185
m,,4,11.3886,45.3216,8731,11.5723,7.80151,139
m,,4,11.4483,45.8063,9193,11.6749,7.9815,191
m,,4,14.5766,56.3927,12601,15.1129,11.2073,219
m,,4,11.045,10.5737,829,11.8539,6.94381,75
m,,4,11.7394,12.2337,926,12.6802,7.6136,86
m,,4,10.428,10.6494,786,11.1022,6.3057,74
m,,4,11.595,11.0736,957,12.4468,7.35733,58
m,,4,13.2678,12.9276,1138,14.3616,8.94399,81
m,,4,19.0052,22.7637,2040,20.5482,15.0979,162
m,,4,12.2112,24.8286,2875,12.7046,7.99419,124
m,,4,10.2525,9.39937,629,10.9503,6.2656,59
m,,4,10.2743,9.97886,738,10.9878,6.20918,75
m,,4,8.5309,9.70147,780,8.8146,4.62883,60
m,,4,7.12719,6.14339,365,7.20761,3.37075,41
m,,4,12.497,13.5174,1094,13.488,8.3795,89
m,,4,19.5089,22.2864,2113,21.2629,15.6679,140
m,,4,12.2851,18.0259,1894,13.1403,7.97344,88
m,,4,11.1284,10.8994,778,11.9659,6.99851,62
m,,4,12.8411,14.322,1201,13.9611,8.57627,95
m,,4,13.4035,25.1924,3471,14.3268,9.39361,133
m,,4,8.56503,20.5854,2170,8.49722,4.69732,93
m,,4,8.7136,22.4354,2577,8.64189,4.77311,91
m,,4,11.9995,16.4641,1588,12.8116,7.99573,76
m,,4,10.2406,12.204,1029,10.8987,6.15004,75
m,,4,13.8165,16.101,1383,14.9447,9.90388,106
m,,4,11.7576,12.6083,1015,12.7206,7.57868,103
m,,4,10.4272,10.5061,814,11.1144,6.41125,72
m,,4,10.3578,9.3338,635,11.1137,6.2091,61
m,,4,11.759,33.5781,3903,12.0669,7.61292,153
m,,4,11.8075,27.3742,3214,12.3456,7.70126,116
m,,4,21.3988,26.903,2228,23.2271,18.5134,192
m,,4,23.1538,36.1252,4039,25.0591,20.7928,207
m,,4,8.118,9.96598,948,8.33278,4.3232,52
m,,4,13.0102,17.6421,1518,13.9467,9.08852,104
m,,4,9.26759,8.28199,656,9.82218,5.18181,56
m,,4,9.51239,9.71311,684,10.1121,5.55729,61
m,,4,33.7569,48.0087,4227,36.9651,33.3848,285
m,,4,15.8781,19.3858,1316,17.2296,11.8326,114
m,,5,11.8195,11.7305,808,12.6017,6.50854,74
m,,5,25.3252,32.3847,2420,27.8017,20.2468,188
m,,5,14.6305,15.0657,1112,15.8196,9.26694,85
m,,5,12.4599,11.5897,973,13.393,7.0231,75
m,,5,11.9713,12.2256,883,12.7266,6.73117,78
m,,5,13.4278,16.8815,1546,14.3137,8.14626,88
m,,5,14.6179,15.4615,1140,15.83,9.10626,86
m,,5,19.1358,21.7885,1743,20.891,13.6539,160
m,,5,11.6371,11.6845,887,12.3441,6.44744,64
m,,5,15.8972,17.1917,1188,17.2222,10.5073,107
m,,5,14.4979,15.7524,1181,15.6991,9.044,86
m,,5,10.7111,10.2099,693,11.2868,5.60004,60
m,,5,12.426,13.2377,1024,13.3201,7.18215,88
m,,5,10.5562,10.1565,646,11.0679,5.50742,77
m,,5,10.1992,12.3994,917,10.4167,5.13239,81
m,,5,21.358,29.4366,2738,23.1388,15.7471,152
m,,5,17.9825,19.4771,1464,19.5147,12.4324,106
m,,5,15.5796,15.2149,1176,17.0034,10.1507,103
m,,5,11.0348,14.3861,1390,11.4749,5.76404,84
m,,5,18.6208,21.953,1449,19.727,12.333,147
m,,5,13.7358,14.391,1041,14.8526,8.29028,95
m,,5,10.041,8.18689,614,10.5075,4.96446,61
m,,5,16.2982,18.8476,1471,17.7062,10.4153,96
m,,5,12.1407,17.7397,1387,12.6734,6.79882,100
m,,5,18.2907,20.8663,1646,19.845,12.8032,114
m,,5,13.8107,14.9874,1117,14.8628,8.44487,96
m,,5,19.4474,23.3161,1542,21.1639,13.7547,136
m,,5,16.7994,21.278,1567,18.1521,11.0792,146
m,,5,12.905,13.3452,988,13.8101,7.51885,81
m,,5,8.56362,7.89716,379,8.54366,3.67147,50
m,,5,9.6028,8.69635,623,9.94452,4.6199,56
m,,5,12.2614,10.6908,830,13.1487,6.9939,72
m,,5,11.9592,16.6203,1373,12.5882,6.69276,94
m,,5,10.6934,9.73958,755,11.3158,5.61331,72
m,,5,12.0811,10.9744,945,12.984,6.7389,61
m,,5,9.25346,8.63293,477,9.43732,4.2969,62
m,,5,11.2148,21.6291,2316,11.3948,6.01366,97
m,,5,15.0849,20.4687,1870,16.1971,9.48942,131
m,,5,15.7945,18.3372,1234,17.0278,10.3657,119
m,,5,12.9085,19.66,1550,13.5963,7.63602,106
m,,5,16.8804,26.6355,2486,17.7047,10.8022,124
m,,5,21.0827,79.9033,19602,22.1528,16.3595,245
m,,5,17.7582,62.8584,14897,18.5341,12.9867,263
m,,5,22.1016,86.0392,20970,23.2033,17.4408,274
m,,5,15.2484,58.5731,12892,15.8614,10.6114,213
m,,5,10.8452,37.9241,7146,10.9677,6.55303,160
m,,5,11.1888,39.6458,7067,11.2346,6.80912,155
m,,5,14.0151,54.0336,10892,14.3788,9.36038,185
m,,5,12.4717,48.4354,8731,12.56,7.87442,139
m,,5,12.5234,48.9072,9193,12.6727,8.1435,191
m,,5,15.8134,59.4763,12601,16.3529,11.2128,219
m,,5,12.0901,10.9514,829,12.8948,6.83017,75
m,,5,12.7738,12.6725,926,13.728,7.48452,86
m,,5,11.4226,11.1164,786,12.0664,6.23455,74
m,,5,12.6295,11.4193,957,13.539,7.29103,81
m,,5,14.3467,13.2444,1138,15.5348,8.82535,81
m,,5,20.5499,23.3659,2040,22.3238,15.0007,162
m,,5,13.3604,26.3053,2875,13.8118,7.95255,124
m,,5,11.2772,9.76577,629,11.938,6.17099,59
m,,5,11.2929,10.4075,738,11.9688,6.13649,75
m,,5,9.5514,10.4715,780,9.68581,4.57313,60
m,,5,8.1729,6.78219,365,8.10832,3.3707,41
m,,5,13.6001,13.9947,1094,14.637,8.29309,89
m,,5,21.1057,22.8146,2113,23.0946,15.5301,140
m,,5,13.3311,18.8731,1894,14.1687,7.8403,88
m,,5,12.1842,11.3027,778,13.0436,6.9122,85
m,,5,13.9075,14.8085,1201,15.0688,8.45323,97
m,,5,14.5832,26.4914,3471,15.5244,9.30958,133
m,,5,9.68427,22.8318,2170,9.38706,4.75679,93
m,,5,9.80115,24.7624,2577,9.49602,4.91409,91
m,,5,13.125,17.2898,1588,13.9358,7.90153,89
m,,5,11.2481,12.8717,1029,11.8129,6.0517,75
m,,5,15.0388,16.6742,1383,16.2555,9.8244,106
m,,5,12.8104,13.0869,1015,13.7976,7.46929,103
m,,5,11.4661,10.9756,814,12.1317,6.33666,72
m,,5,11.3396,9.66268,635,12.0639,6.09732,61
m,,5,12.8764,35.7763,3903,13.0687,7.61847,153
m,,5,12.9097,29.0742,3214,13.3794,7.62357,116
m,,5,23.2064,27.645,2228,25.3104,18.5154,192
m,,5,25.1431,37.3966,4039,27.2264,20.7377,207
m,,5,9.17321,10.923,948,9.21477,4.34043,69
m,,5,14.2075,18.4493,1518,15.203,9.00258,117
m,,5,10.2297,8.66752,656,10.7059,5.13901,61
m,,5,10.4573,10.2184,684,10.9918,5.50702,61
m,,5,36.4176,49.2409,4227,39.97,33.5298,285
m,,5,17.2119,20.0097,1316,18.7226,11.7191,120
m,,6,12.769,12.2225,808,13.4596,6.39565,74
m,,6,26.9345,33.1135,2420,29.6327,20.0928,196
m,,6,15.6817,15.5087,1112,16.9191,9.15825,98
m,,6,13.3753,11.964,973,14.252,6.92787,85
m,,6,12.9236,12.7411,883,13.5769,6.64141,78
m,,6,14.4438,17.5996,1546,15.27,8.02517,102
m,,6,15.6122,15.9129,1140,16.8431,8.96452,91
m,,6,20.3649,22.2965,1743,22.2545,13.4937,160
m,,6,12.5809,12.1978,887,13.1872,6.35915,76
m,,6,16.9545,17.6519,1188,18.3428,10.3684,107
m,,6,15.4974,16.2407,1181,16.7066,8.87516,86
m,,6,11.6716,10.7408,693,12.1106,5.51056,72
m,,6,13.3971,13.7839,1024,14.2343,7.07383,88
m,,6,11.5188,10.7122,646,11.8931,5.4337,77
m,,6,11.2046,13.3131,917,11.2379,5.10142,81
m,,6,22.7351,30.2497,2738,24.668,15.5531,152
m,,6,19.1716,19.9312,1464,20.8368,12.3007,106
m,,6,16.6162,15.5606,1176,18.1034,9.99051,103
m,,6,11.9901,15.2658,1390,12.2544,5.67039,84
m,,6,19.7735,22.4876,1449,20.9376,12.1021,132
m,,6,14.7012,14.8533,1041,15.8199,8.15432,102
m,,6,10.9761,8.59477,614,11.3121,4.93447,72
m,,6,17.3276,19.3625,1471,18.7559,10.2813,140
m,,6,13.1206,18.7062,1387,13.5047,6.77117,145
m,,6,19.4905,21.3851,1646,21.1621,12.6502,119
m,,6,14.7929,15.4934,1117,15.83,8.36257,98
m,,6,20.7066,23.9007,1542,22.5154,13.5358,136
m,,6,17.8989,21.9262,1567,19.289,10.8947,146
m,,6,13.8707,13.8305,988,14.7408,7.41572,81
m,,6,9.59648,8.70018,379,9.37247,3.61803,50
m,,6,10.5377,9.26339,623,10.7577,4.63658,62
m,,6,13.2041,11.0181,830,14.063,6.9338,72
m,,6,12.9241,17.5183,1373,13.393,6.58424,94
m,,6,11.6107,10.2019,755,12.1099,5.54493,72
m,,6,13.0065,11.3476,945,13.8167,6.62649,66
m,,6,10.2171,9.29436,477,10.1954,4.20865,53
m,,6,12.2466,23.1951,2316,12.2162,5.98973,97
m,,6,16.0749,21.1927,1870,17.1567,9.33911,131
m,,6,16.8805,18.8993,1234,18.1388,10.2152,119
m,,6,13.9123,20.6549,1550,14.4885,7.55985,119
m,,6,17.982,27.585,2486,18.7956,10.6968,163
m,,6,22.4135,83.004,19602,23.5342,16.3333,283
m,,6,18.9251,65.5462,14897,19.6963,12.8681,229
m,,6,23.4867,89.3126,20970,24.646,17.4374,278
m,,6,16.2802,61.3559,12892,16.8476,10.6967,213
m,,6,11.9331,41.2112,7146,11.8629,6.7809,160
m,,6,12.2744,42.8906,7067,12.1495,7.11431,155
m,,6,15.0557,56.9753,10892,15.3374,9.42975,197
m,,6,13.5361,51.6827,8731,13.4966,8.08731,148
m,,6,13.5232,51.9736,9193,13.5264,8.32966,191
m,,6,16.9042,62.2999,12601,17.4186,11.3411,219
m,,6,13.0475,11.3324,829,13.8033,6.75469,75
m,,6,13.7329,13.116,926,14.6297,7.35344,86
m,,6,12.3823,11.617,786,12.9136,6.16469,76
m,,6,13.5767,11.7671,957,14.4694,7.23127,81
m,,6,15.3253,13.5527,1138,16.5519,8.74551,81
m,,6,21.8887,23.8823,2040,23.826,14.8329,162
m,,6,14.4057,27.7247,2875,14.7612,7.885,124
m,,6,12.2449,10.1519,629,12.8377,6.11954,59
m,,6,12.2662,10.8625,738,12.8337,6.04682,75
m,,6,10.5539,11.3242,780,10.5064,4.55386,60
m,,6,9.2367,7.54408,365,9.00309,3.39347,49
m,,6,14.6065,14.4604,1094,15.6087,8.19977,117
m,,6,22.4545,23.2499,2113,24.6148,15.3301,140
m,,6,14.2989,19.7122,1894,15.0523,7.70128,88
m,,6,13.1435,11.7046,778,13.9516,6.8632,93
m,,6,14.8668,15.2789,1201,16.0031,8.33026,97
m,,6,15.6445,27.7168,3471,16.5415,9.21205,133
m,,6,10.8233,25.3261,2170,10.2301,4.79311,93
m,,6,10.9508,27.4439,2577,10.3482,5.08198,99
m,,6,14.1685,18.1042,1588,14.9195,7.81371,89
m,,6,12.2261,13.5848,1029,12.6292,5.94711,75
m,,6,16.1297,17.2076,1383,17.3765,9.69739,106
m,,6,13.7505,13.5519,1015,14.6728,7.3627,103
m,,6,12.4307,11.4572,814,13.0061,6.26698,72
m,,6,12.2621,10.0127,635,12.8942,6.02307,65
m,,6,13.9399,37.9902,3903,13.9535,7.67411,153
m,,6,13.9182,30.7261,3214,14.2273,7.54809,116
m,,6,24.7478,28.2579,2228,27.0535,18.4137,192
m,,6,26.8474,38.4656,4039,29.0938,20.6489,216
m,,6,10.2172,11.9881,948,10.0751,4.34667,69
m,,6,15.2791,19.2088,1518,16.2474,8.89686,117
m,,6,11.1954,9.11127,656,11.5289,5.08197,70
m,,6,11.4166,10.7988,684,11.8093,5.48202,72
m,,6,38.6621,50.2228,4227,42.5081,33.4785,285
m,,6,18.3722,20.5649,1316,19.9417,11.5483,171
m,,7,13.6775,12.7461,808,14.2053,6.28037,79
m,,7,28.3459,33.7475,2420,31.2198,19.8586,211
m,,7,16.6531,15.9469,1112,17.8674,9.05133,98
m,,7,14.2464,12.3637,973,14.9667,6.7985,85
m,,7,13.861,13.3022,883,14.3774,6.52954,78
m,,7,15.3985,18.3247,1546,16.1349,7.97095,108
m,,7,16.5288,16.3621,1140,17.7105,8.85959,92
m,,7,21.4535,22.7593,1743,23.4173,13.2949,160
m,,7,13.5023,12.7556,887,13.9697,6.30861,98
m,,7,17.932,18.1033,1188,19.3386,10.2437,107
m,,7,16.4277,16.73,1181,17.5762,8.78322,121
m,,7,12.6265,11.3341,693,12.8707,5.44261,72
m,,7,14.3451,14.3678,1024,15.0588,7.0065,88
m,,7,12.4749,11.3332,646,12.6662,5.37627,77
m,,7,12.1811,14.2989,917,12.0047,5.01723,81
m,,7,23.9181,30.9601,2738,25.9355,15.3289,203
m,,7,20.2293,20.3495,1464,21.9477,12.1189,106
m,,7,17.5435,15.8927,1176,19.0378,9.84984,103
m,,7,12.9564,16.2456,1390,12.992,5.59743,84
m,,7,20.781,22.9737,1449,21.9615,11.9479,147
m,,7,15.624,15.3342,1041,16.6424,8.03573,102
m,,7,11.9206,9.07192,614,12.0555,4.84939,72
m,,7,18.2428,19.8492,1471,19.6203,10.0974,140
m,,7,14.1098,19.7614,1387,14.2818,6.7493,145
m,,7,20.5437,21.8566,1646,22.2833,12.4776,119
m,,7,15.743,16.0227,1117,16.7189,8.25024,98
m,,7,21.7886,24.417,1542,23.6538,13.3391,136
m,,7,18.9185,22.5562,1567,20.2907,10.7257,146
m,,7,14.7833,14.3334,988,15.5385,7.34534,81
m,,7,10.6096,9.60964,379,10.1933,3.62605,64
m,,7,11.498,9.93428,623,11.5425,4.57852,68
m,,7,14.1314,11.3791,830,14.8774,6.81591,72
m,,7,13.9078,18.5124,1373,14.1855,6.56973,109
m,,7,12.562,10.7463,755,12.8765,5.48631,75
m,,7,13.8846,11.7466,945,14.5601,6.5473,77
m,,7,11.2107,10.0777,477,10.997,4.17658,65
m,,7,13.2951,24.9132,2316,13.0184,6.07669,109
m,,7,17.009,21.92,1870,18.0201,9.22323,131
m,,7,17.8579,19.4339,1234,19.1032,10.0926,132
m,,7,14.8909,21.6954,1550,15.3122,7.48834,119
m,,7,18.9711,28.4765,2486,19.7348,10.5557,131
m,,7,23.5793,85.782,19602,24.726,16.3337,283
m,,7,19.9764,68.0518,14897,20.7208,12.8837,229
m,,7,24.6733,92.1728,20970,25.8958,17.468,303
m,,7,17.255,64.1137,12892,17.7348,10.9277,273
m,,7,13.0488,44.8315,7146,12.7361,7.05397,160
m,,7,13.341,46.3087,7067,13.0106,7.49655,155
m,,7,16.0934,60.0639,10892,16.2889,9.68152,197
m,,7,14.6006,55.1293,8731,14.3706,8.30122,158
m,,7,14.5579,55.3526,9193,14.3815,8.64684,191
m,,7,17.8949,64.9777,12601,18.3571,11.3445,219
m,,7,13.964,11.7399,829,14.6232,6.68329,75
m,,7,14.6674,13.5911,926,15.4484,7.214,86
m,,7,13.3373,12.1714,786,13.6958,6.08166,76
m,,7,14.5135,12.1495,957,15.2789,7.14397,96
m,,7,16.2419,13.8688,1138,17.4308,8.62697,84
m,,7,23.0089,24.3212,2040,25.0715,14.6358,162
m,,7,15.4062,29.1674,2875,15.6051,7.82508,124
m,,7,13.2372,10.5951,629,13.6978,6.02984,59
m,,7,13.2003,11.3516,738,13.6339,6.01753,76
m,,7,11.5931,12.3161,780,11.3236,4.49015,64
m,,7,10.3115,8.43671,365,9.89668,3.38877,49
m,,7,15.559,14.9379,1094,16.4831,8.10258,117
m,,7,23.6128,23.6264,2113,25.8924,15.1444,140
m,,7,15.2285,20.5797,1894,15.8212,7.61589,117
m,,7,14.0604,12.1322,778,14.7427,6.76862,93
m,,7,15.7749,15.7632,1201,16.8185,8.20084,101
m,,7,16.63,28.9178,3471,17.417,9.11563,133
m,,7,12.0225,28.172,2170,11.1048,5.0385,108
m,,7,12.1494,30.4653,2577,11.2042,5.27698,99
m,,7,15.1841,18.9522,1588,15.7998,7.72876,89
m,,7,13.1996,14.3664,1029,13.4003,5.85936,75
m,,7,17.122,17.7221,1383,18.3697,9.58437,106
m,,7,14.6631,14.049,1015,15.4326,7.27648,103
m,,7,13.3812,11.9855,814,13.8005,6.1846,74
m,,7,13.1817,10.4102,635,13.662,5.96309,75
m,,7,14.9956,40.3193,3903,14.7795,7.74145,153
m,,7,14.9364,32.5024,3214,15.0463,7.54023,142
m,,7,26.0846,28.7854,2228,28.5817,18.2823,195
m,,7,28.3414,39.3986,4039,30.7552,20.5067,216
m,,7,11.291,13.2146,948,10.9198,4.35024,69
m,,7,16.2698,19.9549,1518,17.1915,8.82133,117
m,,7,12.1048,9.59137,656,12.266,5.01413,70
m,,7,12.3701,11.4485,684,12.5856,5.42846,72
m,,7,40.6771,51.0692,4227,44.7661,33.3152,285
m,,7,19.4001,21.0779,1316,20.9977,11.3959,171